,jobs,machines,numInd,numGen,makespan,to_matrix_percentage,elitismo,exec_time,instance,mutation,selection_method
0,512,16,100,100,199242.049575,0.3,10.0,52.40123462677002,u_s_hilo.0,0.0,roulette wheel
1,512,16,100,100,195963.79626300003,0.3,10.0,55.76480197906494,u_s_hilo.0,10.0,roulette wheel
2,512,16,100,100,200360.300103,0.3,10.0,56.01799821853638,u_s_hilo.0,20.0,roulette wheel
3,512,16,100,100,197902.84411500004,0.3,10.0,56.32792615890503,u_s_hilo.0,30.0,roulette wheel
4,512,16,100,100,239654.18402400007,0.3,20.0,49.98752403259277,u_s_hilo.0,0.0,roulette wheel
5,512,16,100,100,208500.768525,0.3,20.0,50.34752988815308,u_s_hilo.0,10.0,roulette wheel
6,512,16,100,100,234178.148222,0.3,20.0,50.665974378585815,u_s_hilo.0,20.0,roulette wheel
7,512,16,100,100,244007.23744900004,0.3,20.0,50.81041789054871,u_s_hilo.0,30.0,roulette wheel
8,512,16,100,100,249606.888549,0.3,30.0,49.532591819763184,u_s_hilo.0,0.0,roulette wheel
9,512,16,100,100,262419.116184,0.3,30.0,49.74290728569031,u_s_hilo.0,10.0,roulette wheel
10,512,16,100,100,258055.786928,0.3,30.0,50.00722670555115,u_s_hilo.0,20.0,roulette wheel
11,512,16,100,100,247544.00368,0.3,30.0,52.784111976623535,u_s_hilo.0,30.0,roulette wheel
12,512,16,100,100,16812056.632813,0.3,10.0,65.04632234573364,u_s_hihi.0,0.0,roulette wheel
13,512,16,100,100,17076443.94922,0.3,10.0,61.36399126052856,u_s_hihi.0,10.0,roulette wheel
14,512,16,100,100,15207512.880371,0.3,10.0,61.04583048820496,u_s_hihi.0,20.0,roulette wheel
15,512,16,100,100,15260597.825195,0.3,10.0,61.65040612220764,u_s_hihi.0,30.0,roulette wheel
16,512,16,100,100,18985791.636719,0.3,20.0,54.87255787849426,u_s_hihi.0,0.0,roulette wheel
17,512,16,100,100,15951445.505859,0.3,20.0,55.07947611808777,u_s_hihi.0,10.0,roulette wheel
18,512,16,100,100,17146131.09375,0.3,20.0,55.88094568252564,u_s_hihi.0,20.0,roulette wheel
19,512,16,100,100,15919885.102051,0.3,20.0,55.73923635482788,u_s_hihi.0,30.0,roulette wheel
20,512,16,100,100,19789456.083739,0.3,30.0,52.700082540512085,u_s_hihi.0,0.0,roulette wheel
21,512,16,100,100,18705817.807618,0.3,30.0,52.644224882125854,u_s_hihi.0,10.0,roulette wheel
22,512,16,100,100,18557841.366701,0.3,30.0,54.3878128528595,u_s_hihi.0,20.0,roulette wheel
23,512,16,100,100,19572291.121581003,0.3,30.0,60.490883588790894,u_s_hihi.0,30.0,roulette wheel
24,512,16,100,100,496871.713271,0.3,10.0,64.47096252441406,u_s_lohi.0,0.0,roulette wheel
25,512,16,100,100,452948.841676,0.3,10.0,61.00045132637024,u_s_lohi.0,10.0,roulette wheel
26,512,16,100,100,507833.931627,0.3,10.0,63.1333076953888,u_s_lohi.0,20.0,roulette wheel
27,512,16,100,100,460585.84289400006,0.3,10.0,59.75998425483704,u_s_lohi.0,30.0,roulette wheel
28,512,16,100,100,546273.0142219999,0.3,20.0,52.10404181480408,u_s_lohi.0,0.0,roulette wheel
29,512,16,100,100,536057.9885249999,0.3,20.0,80.19675898551941,u_s_lohi.0,10.0,roulette wheel
30,512,16,100,100,529659.0291890001,0.3,20.0,84.42282152175903,u_s_lohi.0,20.0,roulette wheel
31,512,16,100,100,512977.062502,0.3,20.0,47.04687643051148,u_s_lohi.0,30.0,roulette wheel
32,512,16,100,100,597180.1110970001,0.3,30.0,45.04085826873779,u_s_lohi.0,0.0,roulette wheel
33,512,16,100,100,571165.409424,0.3,30.0,87.73540782928467,u_s_lohi.0,10.0,roulette wheel
34,512,16,100,100,591805.9958499997,0.3,30.0,49.92350745201111,u_s_lohi.0,20.0,roulette wheel
35,512,16,100,100,673046.8698580001,0.3,30.0,45.87088990211487,u_s_lohi.0,30.0,roulette wheel
36,512,16,100,100,7264.767489999999,0.3,10.0,52.23548674583435,u_s_lolo.0,0.0,roulette wheel
37,512,16,100,100,7310.144641999999,0.3,10.0,52.36528706550598,u_s_lolo.0,10.0,roulette wheel
38,512,16,100,100,7125.2402170000005,0.3,10.0,52.77751159667969,u_s_lolo.0,20.0,roulette wheel
39,512,16,100,100,7572.478004000002,0.3,10.0,52.96014952659607,u_s_lolo.0,30.0,roulette wheel
40,512,16,100,100,8230.946389,0.3,20.0,46.874505043029785,u_s_lolo.0,0.0,roulette wheel
41,512,16,100,100,8865.677791000002,0.3,20.0,47.25012016296387,u_s_lolo.0,10.0,roulette wheel
42,512,16,100,100,8543.536826000001,0.3,20.0,47.46432614326477,u_s_lolo.0,20.0,roulette wheel
43,512,16,100,100,8859.542249,0.3,20.0,47.57433819770813,u_s_lolo.0,30.0,roulette wheel
44,512,16,100,100,9493.258882000002,0.3,30.0,44.85433316230774,u_s_lolo.0,0.0,roulette wheel
45,512,16,100,100,9174.668730000005,0.3,30.0,45.22233748435974,u_s_lolo.0,10.0,roulette wheel
46,512,16,100,100,9510.412682,0.3,30.0,45.51064562797546,u_s_lolo.0,20.0,roulette wheel
47,512,16,100,100,9587.956842000003,0.3,30.0,45.71647357940674,u_s_lolo.0,30.0,roulette wheel
48,512,16,100,100,210094.362744,0.3,10.0,52.50203561782837,u_i_hilo.0,0.0,roulette wheel
49,512,16,100,100,201773.2499970001,0.3,10.0,53.67542862892151,u_i_hilo.0,10.0,roulette wheel
50,512,16,100,100,204028.62093300003,0.3,10.0,53.19388961791992,u_i_hilo.0,20.0,roulette wheel
51,512,16,100,100,200572.11561100004,0.3,10.0,54.20031499862671,u_i_hilo.0,30.0,roulette wheel
52,512,16,100,100,261461.865172,0.3,20.0,47.361274003982544,u_i_hilo.0,0.0,roulette wheel
53,512,16,100,100,235441.069335,0.3,20.0,47.70569610595703,u_i_hilo.0,10.0,roulette wheel
54,512,16,100,100,245105.580689,0.3,20.0,47.90491962432861,u_i_hilo.0,20.0,roulette wheel
55,512,16,100,100,253866.968629,0.3,20.0,48.12605738639832,u_i_hilo.0,30.0,roulette wheel
56,512,16,100,100,273353.85513000004,0.3,30.0,45.317949295043945,u_i_hilo.0,0.0,roulette wheel
57,512,16,100,100,288836.87885399995,0.3,30.0,45.51366901397705,u_i_hilo.0,10.0,roulette wheel
58,512,16,100,100,269799.5112320001,0.3,30.0,45.88467121124268,u_i_hilo.0,20.0,roulette wheel
59,512,16,100,100,278790.4283460001,0.3,30.0,46.02091813087464,u_i_hilo.0,30.0,roulette wheel
60,512,16,100,100,3306563.8166509992,0.3,10.0,53.07250213623047,u_i_hihi.0,0.0,roulette wheel
61,512,16,100,100,3130527.087891,0.3,10.0,53.403923749923706,u_i_hihi.0,10.0,roulette wheel
62,512,16,100,100,3189632.229246,0.3,10.0,58.420119762420654,u_i_hihi.0,20.0,roulette wheel
63,512,16,100,100,3329744.796874,0.3,10.0,58.61285996437073,u_i_hihi.0,30.0,roulette wheel
64,512,16,100,100,3189175.954347,0.3,20.0,51.57249164581299,u_i_hihi.0,0.0,roulette wheel
65,512,16,100,100,197799.232971,0.3,10.0,59.24732828140259,u_s_hilo.0,0.0,roulette wheel
66,512,16,100,100,204583.770034,0.3,10.0,58.486966371536255,u_s_hilo.0,10.0,roulette wheel
67,512,16,100,100,201196.084202,0.3,10.0,59.2502920627594,u_s_hilo.0,20.0,roulette wheel
68,512,16,100,100,196377.06297400003,0.3,10.0,59.27865242958069,u_s_hilo.0,30.0,roulette wheel
69,512,16,100,100,226228.34805100004,0.3,20.0,52.65555953979492,u_s_hilo.0,0.0,roulette wheel
70,512,16,100,100,235399.075318,0.3,20.0,52.33905386924744,u_s_hilo.0,10.0,roulette wheel
71,512,16,100,100,235214.734378,0.3,20.0,53.06575059890747,u_s_hilo.0,20.0,roulette wheel
72,512,16,100,100,246371.05599800005,0.3,20.0,53.56428837776184,u_s_hilo.0,30.0,roulette wheel
73,512,16,100,100,254421.27797099992,0.3,30.0,53.39384603500366,u_s_hilo.0,0.0,roulette wheel
74,512,16,100,100,254679.551056,0.3,30.0,53.24564504623413,u_s_hilo.0,10.0,roulette wheel
75,512,16,100,100,233115.400636,0.3,30.0,53.78263998031616,u_s_hilo.0,20.0,roulette wheel
76,512,16,100,100,251330.430366,0.3,30.0,54.4238817691803,u_s_hilo.0,30.0,roulette wheel
77,512,16,100,100,16085531.653808,0.3,10.0,53.02093768119812,u_s_hihi.0,0.0,roulette wheel
78,512,16,100,100,16432975.158203,0.3,10.0,53.31811475753784,u_s_hihi.0,10.0,roulette wheel
79,512,16,100,100,15310878.910156,0.3,10.0,53.54074192047119,u_s_hihi.0,20.0,roulette wheel
80,512,16,100,100,15825533.269531,0.3,10.0,54.19524264335632,u_s_hihi.0,30.0,roulette wheel
81,512,16,100,100,16515451.400392,0.3,20.0,48.53018569946289,u_s_hihi.0,0.0,roulette wheel
82,512,16,100,100,15987421.049805,0.3,20.0,48.591169357299805,u_s_hihi.0,10.0,roulette wheel
83,512,16,100,100,18227605.445312,0.3,20.0,48.68592524528504,u_s_hihi.0,20.0,roulette wheel
84,512,16,100,100,16435851.882813,0.3,20.0,49.23567819595337,u_s_hihi.0,30.0,roulette wheel
85,512,16,100,100,20432622.0,0.3,30.0,47.54511284828186,u_s_hihi.0,0.0,roulette wheel
86,512,16,100,100,17721447.566406,0.3,30.0,48.07976508140564,u_s_hihi.0,10.0,roulette wheel
87,512,16,100,100,19470226.960939,0.3,30.0,48.24817681312561,u_s_hihi.0,20.0,roulette wheel
88,512,16,100,100,20888341.511719,0.3,30.0,48.84376502037048,u_s_hihi.0,30.0,roulette wheel
89,512,16,100,100,477660.9116210001,0.3,10.0,53.95108962059021,u_s_lohi.0,0.0,roulette wheel
90,512,16,100,100,497848.025465,0.3,10.0,54.077306270599365,u_s_lohi.0,10.0,roulette wheel
91,512,16,100,100,491230.544067,0.3,10.0,55.55017447471619,u_s_lohi.0,20.0,roulette wheel
92,512,16,100,100,501687.333621,0.3,10.0,55.06643724441528,u_s_lohi.0,30.0,roulette wheel
93,512,16,100,100,540369.044679,0.3,20.0,48.690335512161255,u_s_lohi.0,0.0,roulette wheel
94,512,16,100,100,514889.174925,0.3,20.0,48.87895917892456,u_s_lohi.0,10.0,roulette wheel
95,512,16,100,100,484343.3334990001,0.3,20.0,49.22456336021423,u_s_lohi.0,20.0,roulette wheel
96,512,16,100,100,536542.86802,0.3,20.0,49.54114103317261,u_s_lohi.0,30.0,roulette wheel
97,512,16,100,100,613323.2041,0.3,30.0,47.49625039100647,u_s_lohi.0,0.0,roulette wheel
98,512,16,100,100,692539.4785920001,0.3,30.0,47.523738861083984,u_s_lohi.0,10.0,roulette wheel
99,512,16,100,100,561187.1526489999,0.3,30.0,48.03893780708313,u_s_lohi.0,20.0,roulette wheel
100,512,16,100,100,659924.467774,0.3,30.0,48.42740058898926,u_s_lohi.0,30.0,roulette wheel
101,512,16,100,100,7361.254597000001,0.3,10.0,52.87675714492798,u_s_lolo.0,0.0,roulette wheel
102,512,16,100,100,6910.228445000001,0.3,10.0,53.05748438835144,u_s_lolo.0,10.0,roulette wheel
103,512,16,100,100,7281.451931,0.3,10.0,53.34633564949036,u_s_lolo.0,20.0,roulette wheel
104,512,16,100,100,7418.128167999999,0.3,10.0,53.84007430076599,u_s_lolo.0,30.0,roulette wheel
105,512,16,100,100,8509.017561,0.3,20.0,47.96708607673645,u_s_lolo.0,0.0,roulette wheel
106,512,16,100,100,8829.313909999999,0.3,20.0,48.27084946632385,u_s_lolo.0,10.0,roulette wheel
107,512,16,100,100,8076.443296,0.3,20.0,48.641563177108765,u_s_lolo.0,20.0,roulette wheel
108,512,16,100,100,8662.740177,0.3,20.0,49.00926566123962,u_s_lolo.0,30.0,roulette wheel
109,512,16,100,100,8989.320501999999,0.3,30.0,47.04837107658386,u_s_lolo.0,0.0,roulette wheel
110,512,16,100,100,9069.004192,0.3,30.0,47.333067417144775,u_s_lolo.0,10.0,roulette wheel
111,512,16,100,100,8757.854833,0.3,30.0,47.84382677078247,u_s_lolo.0,20.0,roulette wheel
112,512,16,100,100,9042.116501,0.3,30.0,48.49568009376526,u_s_lolo.0,30.0,roulette wheel
113,512,16,100,100,203716.36777,0.3,10.0,53.55032539367676,u_i_hilo.0,0.0,roulette wheel
114,512,16,100,100,209305.042677,0.3,10.0,53.66375136375427,u_i_hilo.0,10.0,roulette wheel
115,512,16,100,100,212359.372683,0.3,10.0,54.995694398880005,u_i_hilo.0,20.0,roulette wheel
116,512,16,100,100,216728.27359900007,0.3,10.0,55.77971172332764,u_i_hilo.0,30.0,roulette wheel
117,512,16,100,100,232808.534846,0.3,20.0,49.73737025260925,u_i_hilo.0,0.0,roulette wheel
118,512,16,100,100,219376.355101,0.3,20.0,49.54639720916748,u_i_hilo.0,10.0,roulette wheel
119,512,16,100,100,248010.99761800005,0.3,20.0,49.55136227607727,u_i_hilo.0,20.0,roulette wheel
120,512,16,100,100,245881.97671300004,0.3,20.0,50.89626407623291,u_i_hilo.0,30.0,roulette wheel
121,512,16,100,100,249602.444502,0.3,30.0,49.47323179244995,u_i_hilo.0,0.0,roulette wheel
122,512,16,100,100,272013.918395,0.3,30.0,48.19919991493225,u_i_hilo.0,10.0,roulette wheel
123,512,16,100,100,285930.18498200004,0.3,30.0,48.595733880996704,u_i_hilo.0,20.0,roulette wheel
124,512,16,100,100,266907.12849300005,0.3,30.0,48.6775119304657,u_i_hilo.0,30.0,roulette wheel
125,512,16,100,100,3244109.977051,0.3,10.0,54.30282020568848,u_i_hihi.0,0.0,roulette wheel
126,512,16,100,100,3152224.0294790003,0.3,10.0,53.56583762168884,u_i_hihi.0,10.0,roulette wheel
127,512,16,100,100,3229782.2882080004,0.3,10.0,53.98242449760437,u_i_hihi.0,20.0,roulette wheel
128,512,16,100,100,3167494.270994,0.3,10.0,54.25350189208984,u_i_hihi.0,30.0,roulette wheel
129,512,16,100,100,3156187.7205820004,0.3,20.0,48.4756121635437,u_i_hihi.0,0.0,roulette wheel
130,512,16,100,100,3222810.70947,0.3,20.0,48.71051073074341,u_i_hihi.0,10.0,roulette wheel
131,512,16,100,100,3161219.5,0.3,20.0,49.22142958641052,u_i_hihi.0,20.0,roulette wheel
132,512,16,100,100,3346056.6563720014,0.3,20.0,49.679256200790405,u_i_hihi.0,30.0,roulette wheel
133,512,16,100,100,3183635.447755,0.3,30.0,47.39517641067505,u_i_hihi.0,0.0,roulette wheel
134,512,16,100,100,3279483.72339,0.3,30.0,47.91641163825989,u_i_hihi.0,10.0,roulette wheel
135,512,16,100,100,3419502.4381110007,0.3,30.0,48.29326581954956,u_i_hihi.0,20.0,roulette wheel
136,512,16,100,100,3384112.3596180007,0.3,30.0,48.79306054115296,u_i_hihi.0,30.0,roulette wheel
137,512,16,100,100,538654.018019,0.3,10.0,54.26734280586243,u_i_lohi.0,0.0,roulette wheel
138,512,16,100,100,513429.5415040001,0.3,10.0,53.74998331069946,u_i_lohi.0,10.0,roulette wheel
139,512,16,100,100,556341.6100779999,0.3,10.0,54.24836325645447,u_i_lohi.0,20.0,roulette wheel
140,512,16,100,100,513016.77386500005,0.3,10.0,54.836530685424805,u_i_lohi.0,30.0,roulette wheel
141,512,16,100,100,600226.0094340001,0.3,20.0,49.91720128059387,u_i_lohi.0,0.0,roulette wheel
142,512,16,100,100,621979.2542280001,0.3,20.0,50.64261984825134,u_i_lohi.0,10.0,roulette wheel
143,512,16,100,100,579949.4180460001,0.3,20.0,50.9730966091156,u_i_lohi.0,20.0,roulette wheel
144,512,16,100,100,650635.7070319998,0.3,20.0,50.920493364334106,u_i_lohi.0,30.0,roulette wheel
145,512,16,100,100,746570.2665400002,0.3,30.0,49.16481971740723,u_i_lohi.0,0.0,roulette wheel
146,512,16,100,100,643858.57205,0.3,30.0,49.20823097229004,u_i_lohi.0,10.0,roulette wheel
147,512,16,100,100,647092.0552380001,0.3,30.0,49.36989426612854,u_i_lohi.0,20.0,roulette wheel
148,512,16,100,100,630169.735416,0.3,30.0,50.07009220123291,u_i_lohi.0,30.0,roulette wheel
149,512,16,100,100,6686.484580000002,0.3,10.0,54.47614288330078,u_i_lolo.0,0.0,roulette wheel
150,512,16,100,100,7077.548578,0.3,10.0,53.92648196220398,u_i_lolo.0,10.0,roulette wheel
151,512,16,100,100,6413.6769970000005,0.3,10.0,54.32675313949585,u_i_lolo.0,20.0,roulette wheel
152,512,16,100,100,6304.945226000002,0.3,10.0,54.83688592910767,u_i_lolo.0,30.0,roulette wheel
153,512,16,100,100,7797.985898000001,0.3,20.0,48.82098984718323,u_i_lolo.0,0.0,roulette wheel
154,512,16,100,100,8148.251423999997,0.3,20.0,49.100302934646606,u_i_lolo.0,10.0,roulette wheel
155,512,16,100,100,7457.645590000001,0.3,20.0,49.2458176612854,u_i_lolo.0,20.0,roulette wheel
156,512,16,100,100,7466.100427999998,0.3,20.0,49.93203592300415,u_i_lolo.0,30.0,roulette wheel
157,512,16,100,100,9311.920346000004,0.3,30.0,47.81826329231262,u_i_lolo.0,0.0,roulette wheel
158,512,16,100,100,9292.605331,0.3,30.0,48.130170583724976,u_i_lolo.0,10.0,roulette wheel
159,512,16,100,100,9187.237588,0.3,30.0,48.46973085403442,u_i_lolo.0,20.0,roulette wheel
160,512,16,100,100,8146.888674,0.3,30.0,49.015533447265625,u_i_lolo.0,30.0,roulette wheel
161,512,16,100,100,202302.023115,0.3,10.0,53.53003025054932,u_c_hilo.0,0.0,roulette wheel
162,512,16,100,100,206798.193749,0.3,10.0,53.71996259689331,u_c_hilo.0,10.0,roulette wheel
163,512,16,100,100,200504.437833,0.3,10.0,54.15722632408142,u_c_hilo.0,20.0,roulette wheel
164,512,16,100,100,205848.21753300005,0.3,10.0,54.30475330352783,u_c_hilo.0,30.0,roulette wheel
165,512,16,100,100,237776.009673,0.3,20.0,48.52896738052368,u_c_hilo.0,0.0,roulette wheel
166,512,16,100,100,237838.844573,0.3,20.0,49.25463700294495,u_c_hilo.0,10.0,roulette wheel
167,512,16,100,100,244840.657303,0.3,20.0,49.90318822860718,u_c_hilo.0,20.0,roulette wheel
168,512,16,100,100,245588.640502,0.3,20.0,51.03945302963257,u_c_hilo.0,30.0,roulette wheel
169,512,16,100,100,248354.46969700005,0.3,30.0,49.96987962722778,u_c_hilo.0,0.0,roulette wheel
170,512,16,100,100,254813.063887,0.3,30.0,49.27779006958008,u_c_hilo.0,10.0,roulette wheel
171,512,16,100,100,254732.503236,0.3,30.0,49.46108269691467,u_c_hilo.0,20.0,roulette wheel
172,512,16,100,100,256854.865175,0.3,30.0,49.57935190200806,u_c_hilo.0,30.0,roulette wheel
173,512,16,100,100,15822112.664062,0.3,10.0,54.94903016090393,u_c_hihi.0,0.0,roulette wheel
174,512,16,100,100,16138414.681885,0.3,10.0,54.72734880447388,u_c_hihi.0,10.0,roulette wheel
175,512,16,100,100,15620233.26074,0.3,10.0,54.61773490905762,u_c_hihi.0,20.0,roulette wheel
176,512,16,100,100,15951186.267272,0.3,10.0,54.83596181869507,u_c_hihi.0,30.0,roulette wheel
177,512,16,100,100,18722511.509766,0.3,20.0,48.66699433326721,u_c_hihi.0,0.0,roulette wheel
178,512,16,100,100,16814089.796875,0.3,20.0,49.19301176071167,u_c_hihi.0,10.0,roulette wheel
179,512,16,100,100,17656728.796875,0.3,20.0,49.59501767158508,u_c_hihi.0,20.0,roulette wheel
180,512,16,100,100,17418933.464844,0.3,20.0,49.91764426231384,u_c_hihi.0,30.0,roulette wheel
181,512,16,100,100,19751411.210938,0.3,30.0,48.117995500564575,u_c_hihi.0,0.0,roulette wheel
182,512,16,100,100,19792242.422364,0.3,30.0,48.24581170082092,u_c_hihi.0,10.0,roulette wheel
183,512,16,100,100,19321783.615722,0.3,30.0,48.47787284851074,u_c_hihi.0,20.0,roulette wheel
184,512,16,100,100,18784189.949217003,0.3,30.0,49.19617915153504,u_c_hihi.0,30.0,roulette wheel
185,512,16,100,100,550014.854981,0.3,10.0,53.59946751594544,u_c_lohi.0,0.0,roulette wheel
186,512,16,100,100,504018.937379,0.3,10.0,53.65903735160828,u_c_lohi.0,10.0,roulette wheel
187,512,16,100,100,508885.688231,0.3,10.0,54.05447578430176,u_c_lohi.0,20.0,roulette wheel
188,512,16,100,100,535426.090271,0.3,10.0,54.57992172241211,u_c_lohi.0,30.0,roulette wheel
189,512,16,100,100,564006.990235,0.3,20.0,48.511199712753296,u_c_lohi.0,0.0,roulette wheel
190,512,16,100,100,610571.7529300001,0.3,20.0,49.072715044021606,u_c_lohi.0,10.0,roulette wheel
191,512,16,100,100,577076.1630879999,0.3,20.0,49.367589712142944,u_c_lohi.0,20.0,roulette wheel
192,512,16,100,100,655814.3305650002,0.3,20.0,49.8438184261322,u_c_lohi.0,30.0,roulette wheel
193,512,16,100,100,568391.4409779999,0.3,30.0,49.23762965202332,u_c_lohi.0,0.0,roulette wheel
194,512,16,100,100,608015.421081,0.3,30.0,50.666006326675415,u_c_lohi.0,10.0,roulette wheel
195,512,16,100,100,659740.8989269999,0.3,30.0,50.24296283721924,u_c_lohi.0,20.0,roulette wheel
196,512,16,100,100,578732.345827,0.3,30.0,49.9484441280365,u_c_lohi.0,30.0,roulette wheel
197,512,16,100,100,6944.501821000002,0.3,10.0,54.991246461868286,u_c_lolo.0,0.0,roulette wheel
198,512,16,100,100,6865.553825000001,0.3,10.0,54.37672686576843,u_c_lolo.0,10.0,roulette wheel
199,512,16,100,100,6855.645653999999,0.3,10.0,54.93971157073975,u_c_lolo.0,20.0,roulette wheel
200,512,16,100,100,7109.084233999999,0.3,10.0,55.05763864517212,u_c_lolo.0,30.0,roulette wheel
201,512,16,100,100,7755.056465,0.3,20.0,48.77903890609741,u_c_lolo.0,0.0,roulette wheel
202,512,16,100,100,8254.196736,0.3,20.0,49.184301137924194,u_c_lolo.0,10.0,roulette wheel
203,512,16,100,100,8077.993479999998,0.3,20.0,49.37293219566345,u_c_lolo.0,20.0,roulette wheel
204,512,16,100,100,8101.178016,0.3,20.0,49.93226170539856,u_c_lolo.0,30.0,roulette wheel
205,512,16,100,100,8542.194825,0.3,30.0,47.85658812522888,u_c_lolo.0,0.0,roulette wheel
206,512,16,100,100,9027.615478000002,0.3,30.0,48.12232232093811,u_c_lolo.0,10.0,roulette wheel
207,512,16,100,100,9476.105755,0.3,30.0,48.69420838356018,u_c_lolo.0,20.0,roulette wheel
208,512,16,100,100,8983.930151000002,0.3,30.0,48.957953691482544,u_c_lolo.0,30.0,roulette wheel
209,512,16,100,100,219608.123687,0.5,10.0,61.72627830505371,u_s_hilo.0,0.0,roulette wheel
210,512,16,100,100,213854.53988500003,0.5,10.0,62.417186975479126,u_s_hilo.0,10.0,roulette wheel
211,512,16,100,100,228742.50639000005,0.5,10.0,62.67697477340698,u_s_hilo.0,20.0,roulette wheel
212,512,16,100,100,236937.037446,0.5,10.0,63.9671003818512,u_s_hilo.0,30.0,roulette wheel
213,512,16,100,100,241856.553157,0.5,20.0,64.80438709259033,u_s_hilo.0,0.0,roulette wheel
214,512,16,100,100,258285.097358,0.5,20.0,60.98335695266724,u_s_hilo.0,10.0,roulette wheel
215,512,16,100,100,245440.96817100004,0.5,20.0,59.79245162010193,u_s_hilo.0,20.0,roulette wheel
216,512,16,100,100,232651.960723,0.5,20.0,59.29503893852234,u_s_hilo.0,30.0,roulette wheel
217,512,16,100,100,269077.494873,0.5,30.0,64.7845413684845,u_s_hilo.0,0.0,roulette wheel
218,512,16,100,100,278260.58648699994,0.5,30.0,63.94321274757385,u_s_hilo.0,10.0,roulette wheel
219,512,16,100,100,278739.89443900005,0.5,30.0,62.71901845932007,u_s_hilo.0,20.0,roulette wheel
220,512,16,100,100,273460.913134,0.5,30.0,62.95963978767395,u_s_hilo.0,30.0,roulette wheel
221,512,16,100,100,17000319.216797,0.5,10.0,61.222992181777954,u_s_hihi.0,0.0,roulette wheel
222,512,16,100,100,18003232.005859,0.5,10.0,62.66686701774597,u_s_hihi.0,10.0,roulette wheel
223,512,16,100,100,16651428.980469,0.5,10.0,68.17965269088745,u_s_hihi.0,20.0,roulette wheel
224,512,16,100,100,16614656.363280002,0.5,10.0,66.28925323486328,u_s_hihi.0,30.0,roulette wheel
225,512,16,100,100,17929502.65625,0.5,20.0,59.37228608131409,u_s_hihi.0,0.0,roulette wheel
226,512,16,100,100,18831247.583985,0.5,20.0,58.22079181671143,u_s_hihi.0,10.0,roulette wheel
227,512,16,100,100,18218992.04297,0.5,20.0,58.22718620300293,u_s_hihi.0,20.0,roulette wheel
228,512,16,100,100,18873932.189452,0.5,20.0,58.427345752716064,u_s_hihi.0,30.0,roulette wheel
229,512,16,100,100,19766033.503906,0.5,30.0,62.039729833602905,u_s_hihi.0,0.0,roulette wheel
230,512,16,100,100,19849407.511231,0.5,30.0,62.10277724266052,u_s_hihi.0,10.0,roulette wheel
231,512,16,100,100,21200350.016602,0.5,30.0,61.857425928115845,u_s_hihi.0,20.0,roulette wheel
232,512,16,100,100,22087368.697266,0.5,30.0,64.08435654640198,u_s_hihi.0,30.0,roulette wheel
233,512,16,100,100,497753.894528,0.5,10.0,66.47207260131836,u_s_lohi.0,0.0,roulette wheel
234,512,16,100,100,497585.004883,0.5,10.0,65.77762484550476,u_s_lohi.0,10.0,roulette wheel
235,512,16,100,100,487162.0144029999,0.5,10.0,65.28176093101501,u_s_lohi.0,20.0,roulette wheel
236,512,16,100,100,525714.276857,0.5,10.0,64.90380358695984,u_s_lohi.0,30.0,roulette wheel
237,512,16,100,100,517946.506226,0.5,20.0,58.49091291427612,u_s_lohi.0,0.0,roulette wheel
238,512,16,100,100,499747.112182,0.5,20.0,57.83173847198486,u_s_lohi.0,10.0,roulette wheel
239,512,16,100,100,543324.1234109999,0.5,20.0,58.23638939857483,u_s_lohi.0,20.0,roulette wheel
240,512,16,100,100,569182.1167,0.5,20.0,57.845776081085205,u_s_lohi.0,30.0,roulette wheel
241,512,16,100,100,677360.4460409998,0.5,30.0,61.84012389183045,u_s_lohi.0,0.0,roulette wheel
242,512,16,100,100,557387.906005,0.5,30.0,63.38889455795288,u_s_lohi.0,10.0,roulette wheel
243,512,16,100,100,645959.2932140001,0.5,30.0,66.68049883842468,u_s_lohi.0,20.0,roulette wheel
244,512,16,100,100,619943.4200459999,0.5,30.0,66.90032911300659,u_s_lohi.0,30.0,roulette wheel
245,512,16,100,100,8249.927169999999,0.5,10.0,62.87520170211792,u_s_lolo.0,0.0,roulette wheel
246,512,16,100,100,8383.716933000002,0.5,10.0,63.061471939086914,u_s_lolo.0,10.0,roulette wheel
247,512,16,100,100,7932.730686000001,0.5,10.0,63.43068480491638,u_s_lolo.0,20.0,roulette wheel
248,512,16,100,100,8264.009477999998,0.5,10.0,63.02665877342224,u_s_lolo.0,30.0,roulette wheel
249,512,16,100,100,8803.124554999997,0.5,20.0,56.62482738494873,u_s_lolo.0,0.0,roulette wheel
250,512,16,100,100,8949.563655999998,0.5,20.0,56.75185012817383,u_s_lolo.0,10.0,roulette wheel
251,512,16,100,100,8773.005695999998,0.5,20.0,57.024099588394165,u_s_lolo.0,20.0,roulette wheel
252,512,16,100,100,8742.047309,0.5,20.0,58.12018704414368,u_s_lolo.0,30.0,roulette wheel
253,512,16,100,100,10522.953744000002,0.5,30.0,64.54612684249878,u_s_lolo.0,0.0,roulette wheel
254,512,16,100,100,9705.426101,0.5,30.0,65.70296549797058,u_s_lolo.0,10.0,roulette wheel
255,512,16,100,100,10066.213492,0.5,30.0,66.05138373374939,u_s_lolo.0,20.0,roulette wheel
256,512,16,100,100,9906.603106,0.5,30.0,65.31548261642456,u_s_lolo.0,30.0,roulette wheel
257,512,16,100,100,229858.615847,0.5,10.0,62.30204892158508,u_i_hilo.0,0.0,roulette wheel
258,512,16,100,100,239193.534394,0.5,10.0,62.814210653305054,u_i_hilo.0,10.0,roulette wheel
259,512,16,100,100,208630.06918500003,0.5,10.0,62.75003933906555,u_i_hilo.0,20.0,roulette wheel
260,512,16,100,100,220358.79894800004,0.5,10.0,62.95731449127197,u_i_hilo.0,30.0,roulette wheel
261,512,16,100,100,250725.59991500003,0.5,20.0,57.006328105926514,u_i_hilo.0,0.0,roulette wheel
262,512,16,100,100,255740.8684999999,0.5,20.0,56.92516779899597,u_i_hilo.0,10.0,roulette wheel
263,512,16,100,100,242589.463168,0.5,20.0,58.30181503295898,u_i_hilo.0,20.0,roulette wheel
264,512,16,100,100,244009.967561,0.5,20.0,60.764336585998535,u_i_hilo.0,30.0,roulette wheel
265,512,16,100,100,302142.898753,0.5,30.0,65.03820419311523,u_i_hilo.0,0.0,roulette wheel
266,512,16,100,100,282149.262942,0.5,30.0,64.60814046859741,u_i_hilo.0,10.0,roulette wheel
267,512,16,100,100,294445.80816599994,0.5,30.0,63.54932355880737,u_i_hilo.0,20.0,roulette wheel
268,512,16,100,100,290243.9791889999,0.5,30.0,63.5826370716095,u_i_hilo.0,30.0,roulette wheel
269,512,16,100,100,3197759.441002,0.5,10.0,61.94654893875122,u_i_hihi.0,0.0,roulette wheel
270,512,16,100,100,3257106.1323250006,0.5,10.0,62.013213872909546,u_i_hihi.0,10.0,roulette wheel
271,512,16,100,100,3367191.604247,0.5,10.0,63.59518456459045,u_i_hihi.0,20.0,roulette wheel
272,512,16,100,100,3340137.775146,0.5,10.0,63.454448223114014,u_i_hihi.0,30.0,roulette wheel
273,512,16,100,100,3211751.573546,0.5,20.0,57.71668529510498,u_i_hihi.0,0.0,roulette wheel
274,512,16,100,100,3472607.350341,0.5,20.0,59.97495651245117,u_i_hihi.0,10.0,roulette wheel
275,512,16,100,100,3258246.18176,0.5,20.0,61.11823463439941,u_i_hihi.0,20.0,roulette wheel
276,512,16,100,100,3713115.23584,0.5,20.0,60.00670790672302,u_i_hihi.0,30.0,roulette wheel
277,512,16,100,100,3312643.890136,0.5,30.0,64.24996495246887,u_i_hihi.0,0.0,roulette wheel
278,512,16,100,100,3694374.358703,0.5,30.0,63.09404754638672,u_i_hihi.0,10.0,roulette wheel
279,512,16,100,100,3730384.209473,0.5,30.0,62.10061454772949,u_i_hihi.0,20.0,roulette wheel
280,512,16,100,100,3469269.135739001,0.5,30.0,61.93777704238892,u_i_hihi.0,30.0,roulette wheel
281,512,16,100,100,530145.449707,0.5,10.0,62.42692804336548,u_i_lohi.0,0.0,roulette wheel
282,512,16,100,100,595156.8171410001,0.5,10.0,62.46275615692139,u_i_lohi.0,10.0,roulette wheel
283,512,16,100,100,566845.2499390001,0.5,10.0,63.48034119606018,u_i_lohi.0,20.0,roulette wheel
284,512,16,100,100,629129.6352560001,0.5,10.0,65.30040264129639,u_i_lohi.0,30.0,roulette wheel
285,512,16,100,100,616399.6145859997,0.5,20.0,60.352418661117554,u_i_lohi.0,0.0,roulette wheel
286,512,16,100,100,638744.6116920001,0.5,20.0,60.945788860321045,u_i_lohi.0,10.0,roulette wheel
287,512,16,100,100,633914.7967870001,0.5,20.0,59.2848334312439,u_i_lohi.0,20.0,roulette wheel
288,512,16,100,100,624287.9113089999,0.5,20.0,58.715397357940674,u_i_lohi.0,30.0,roulette wheel
289,512,16,100,100,683756.5384820001,0.5,30.0,62.630615234375,u_i_lohi.0,0.0,roulette wheel
290,512,16,100,100,730737.7099889999,0.5,30.0,62.05825734138489,u_i_lohi.0,10.0,roulette wheel
291,512,16,100,100,798704.0308450002,0.5,30.0,62.04766917228699,u_i_lohi.0,20.0,roulette wheel
292,512,16,100,100,734877.7034890001,0.5,30.0,61.58328795433045,u_i_lohi.0,30.0,roulette wheel
293,512,16,100,100,7696.903301,0.5,10.0,62.24216604232788,u_i_lolo.0,0.0,roulette wheel
294,512,16,100,100,7387.700746999999,0.5,10.0,64.71353363990784,u_i_lolo.0,10.0,roulette wheel
295,512,16,100,100,7844.9145800000015,0.5,10.0,66.12316393852234,u_i_lolo.0,20.0,roulette wheel
296,512,16,100,100,7507.3456620000015,0.5,10.0,66.77173352241516,u_i_lolo.0,30.0,roulette wheel
297,512,16,100,100,8592.788580999999,0.5,20.0,58.64395594596863,u_i_lolo.0,0.0,roulette wheel
298,512,16,100,100,8403.856041,0.5,20.0,58.34080624580383,u_i_lolo.0,10.0,roulette wheel
299,512,16,100,100,8287.633335999999,0.5,20.0,58.00094389915466,u_i_lolo.0,20.0,roulette wheel
300,512,16,100,100,8675.271961999999,0.5,20.0,58.36655950546265,u_i_lolo.0,30.0,roulette wheel
301,512,16,100,100,8957.169646,0.5,30.0,61.89056921005249,u_i_lolo.0,0.0,roulette wheel
302,512,16,100,100,9185.366324,0.5,30.0,61.91078448295593,u_i_lolo.0,10.0,roulette wheel
303,512,16,100,100,10167.742399,0.5,30.0,62.28538680076599,u_i_lolo.0,20.0,roulette wheel
304,512,16,100,100,8796.321914,0.5,30.0,65.8812165260315,u_i_lolo.0,30.0,roulette wheel
305,512,16,100,100,233903.056659,0.5,10.0,63.525824546813965,u_c_hilo.0,0.0,roulette wheel
306,512,16,100,100,239029.187683,0.5,10.0,65.1237621307373,u_c_hilo.0,10.0,roulette wheel
307,512,16,100,100,240634.263762,0.5,10.0,64.56978511810303,u_c_hilo.0,20.0,roulette wheel
308,512,16,100,100,236088.8834970001,0.5,10.0,64.0115110874176,u_c_hilo.0,30.0,roulette wheel
309,512,16,100,100,248485.651614,0.5,20.0,57.030555725097656,u_c_hilo.0,0.0,roulette wheel
310,512,16,100,100,249555.865173,0.5,20.0,57.63376975059509,u_c_hilo.0,10.0,roulette wheel
311,512,16,100,100,264564.900879,0.5,20.0,57.707072496414185,u_c_hilo.0,20.0,roulette wheel
312,512,16,100,100,260035.118042,0.5,20.0,57.30773854255676,u_c_hilo.0,30.0,roulette wheel
313,512,16,100,100,285853.894165,0.5,30.0,60.86676692962647,u_c_hilo.0,0.0,roulette wheel
314,512,16,100,100,261052.821046,0.5,30.0,63.46256923675537,u_c_hilo.0,10.0,roulette wheel
315,512,16,100,100,275253.01307200006,0.5,30.0,65.29950094223022,u_c_hilo.0,20.0,roulette wheel
316,512,16,100,100,274581.574036,0.5,30.0,65.59425282478333,u_c_hilo.0,30.0,roulette wheel
317,512,16,100,100,16901597.027344,0.5,10.0,63.71800112724304,u_c_hihi.0,0.0,roulette wheel
318,512,16,100,100,17913102.971679002,0.5,10.0,63.70578360557556,u_c_hihi.0,10.0,roulette wheel
319,512,16,100,100,18546783.915529,0.5,10.0,64.31728792190552,u_c_hihi.0,20.0,roulette wheel
320,512,16,100,100,18166704.238283,0.5,10.0,64.17960381507874,u_c_hihi.0,30.0,roulette wheel
321,512,16,100,100,19338391.703125,0.5,20.0,56.82938313484192,u_c_hihi.0,0.0,roulette wheel
322,512,16,100,100,20777389.663574003,0.5,20.0,57.055057525634766,u_c_hihi.0,10.0,roulette wheel
323,512,16,100,100,20746206.828125,0.5,20.0,57.06442880630493,u_c_hihi.0,20.0,roulette wheel
324,512,16,100,100,18856736.625,0.5,20.0,57.65758228302002,u_c_hihi.0,30.0,roulette wheel
325,512,16,100,100,20686475.322266,0.5,30.0,64.70911717414856,u_c_hihi.0,0.0,roulette wheel
326,512,16,100,100,21676528.21289,0.5,30.0,65.16389727592468,u_c_hihi.0,10.0,roulette wheel
327,512,16,100,100,22701450.958985,0.5,30.0,65.04391527175903,u_c_hihi.0,20.0,roulette wheel
328,512,16,100,100,21117588.268556,0.5,30.0,64.57671236991882,u_c_hihi.0,30.0,roulette wheel
329,512,16,100,100,626048.3497950002,0.5,10.0,62.48902201652527,u_c_lohi.0,0.0,roulette wheel
330,512,16,100,100,568939.965334,0.5,10.0,62.95228099822998,u_c_lohi.0,10.0,roulette wheel
331,512,16,100,100,622698.4479970001,0.5,10.0,62.95897603034973,u_c_lohi.0,20.0,roulette wheel
332,512,16,100,100,591728.550536,0.5,10.0,63.43440437316895,u_c_lohi.0,30.0,roulette wheel
333,512,16,100,100,626501.916628,0.5,20.0,56.084768533706665,u_c_lohi.0,0.0,roulette wheel
334,512,16,100,100,658026.254147,0.5,20.0,56.92720437049866,u_c_lohi.0,10.0,roulette wheel
335,512,16,100,100,632312.1351320001,0.5,20.0,59.25631904602051,u_c_lohi.0,20.0,roulette wheel
336,512,16,100,100,638143.9761970001,0.5,20.0,59.339824199676514,u_c_lohi.0,30.0,roulette wheel
337,512,16,100,100,695965.757326,0.5,30.0,65.3598530292511,u_c_lohi.0,0.0,roulette wheel
338,512,16,100,100,675828.4764410001,0.5,30.0,64.68073987960815,u_c_lohi.0,10.0,roulette wheel
339,512,16,100,100,708564.0225839999,0.5,30.0,64.15349078178406,u_c_lohi.0,20.0,roulette wheel
340,512,16,100,100,699354.9210199999,0.5,30.0,63.53485679626465,u_c_lohi.0,30.0,roulette wheel
341,512,16,100,100,8146.510041,0.5,10.0,62.11786890029907,u_c_lolo.0,0.0,roulette wheel
342,512,16,100,100,7966.218656999998,0.5,10.0,62.228901624679565,u_c_lolo.0,10.0,roulette wheel
343,512,16,100,100,7875.9167240000015,0.5,10.0,62.71991586685181,u_c_lolo.0,20.0,roulette wheel
344,512,16,100,100,7785.597810999998,0.5,10.0,63.097378969192505,u_c_lolo.0,30.0,roulette wheel
345,512,16,100,100,9128.553108,0.5,20.0,58.81588768959045,u_c_lolo.0,0.0,roulette wheel
346,512,16,100,100,8703.653202,0.5,20.0,59.22435760498047,u_c_lolo.0,10.0,roulette wheel
347,512,16,100,100,8549.786095000001,0.5,20.0,60.602842807769775,u_c_lolo.0,20.0,roulette wheel
348,512,16,100,100,8452.062570000002,0.5,20.0,59.66581678390503,u_c_lolo.0,30.0,roulette wheel
349,512,16,100,100,8928.719206999998,0.5,30.0,64.57631826400757,u_c_lolo.0,0.0,roulette wheel
350,512,16,100,100,9695.437956999998,0.5,30.0,63.6553943157196,u_c_lolo.0,10.0,roulette wheel
351,512,16,100,100,9222.601594000002,0.5,30.0,63.01995491981506,u_c_lolo.0,20.0,roulette wheel
352,512,16,100,100,9832.751915,0.5,30.0,62.30939698219299,u_c_lolo.0,30.0,roulette wheel
353,512,16,100,100,201248.257568,0.3,10.0,55.79305124282837,u_s_hilo.0,0.0,roulette wheel
354,512,16,100,100,194982.68820100004,0.3,10.0,53.04804182052612,u_s_hilo.0,10.0,roulette wheel
355,512,16,100,100,191330.094835,0.3,10.0,53.97525572776794,u_s_hilo.0,20.0,roulette wheel
356,512,16,100,100,213169.85886200005,0.3,10.0,54.96009087562561,u_s_hilo.0,30.0,roulette wheel
357,512,16,100,100,231265.57318100004,0.3,20.0,48.64752459526062,u_s_hilo.0,0.0,roulette wheel
358,512,16,100,100,242450.24780100005,0.3,20.0,48.97542595863342,u_s_hilo.0,10.0,roulette wheel
359,512,16,100,100,231091.301886,0.3,20.0,49.62841272354126,u_s_hilo.0,20.0,roulette wheel
360,512,16,100,100,238948.45110900005,0.3,20.0,49.48647475242615,u_s_hilo.0,30.0,roulette wheel
361,512,16,100,100,291006.130433,0.3,30.0,48.07593393325806,u_s_hilo.0,0.0,roulette wheel
362,512,16,100,100,261526.951449,0.3,30.0,48.44937872886658,u_s_hilo.0,10.0,roulette wheel
363,512,16,100,100,261947.272705,0.3,30.0,48.57020664215088,u_s_hilo.0,20.0,roulette wheel
364,512,16,100,100,252946.74780299995,0.3,30.0,49.09720158576965,u_s_hilo.0,30.0,roulette wheel
365,512,16,100,100,15599288.740235,0.3,10.0,52.49573612213135,u_s_hihi.0,0.0,roulette wheel
366,512,16,100,100,15106891.331696,0.3,10.0,53.341753005981445,u_s_hihi.0,10.0,roulette wheel
367,512,16,100,100,15799896.058594998,0.3,10.0,53.61053013801575,u_s_hihi.0,20.0,roulette wheel
368,512,16,100,100,14664628.410157,0.3,10.0,54.22822618484497,u_s_hihi.0,30.0,roulette wheel
369,512,16,100,100,17517121.03125,0.3,20.0,48.37890839576721,u_s_hihi.0,0.0,roulette wheel
370,512,16,100,100,16360809.056641,0.3,20.0,48.4546115398407,u_s_hihi.0,10.0,roulette wheel
371,512,16,100,100,17745749.738282997,0.3,20.0,49.012203216552734,u_s_hihi.0,20.0,roulette wheel
372,512,16,100,100,18501251.96875,0.3,20.0,49.29811906814575,u_s_hihi.0,30.0,roulette wheel
373,512,16,100,100,18884894.351563,0.3,30.0,48.0634195804596,u_s_hihi.0,0.0,roulette wheel
374,512,16,100,100,17509122.726562,0.3,30.0,48.145920276641846,u_s_hihi.0,10.0,roulette wheel
375,512,16,100,100,19488132.728515,0.3,30.0,48.62922763824463,u_s_hihi.0,20.0,roulette wheel
376,512,16,100,100,18276811.125,0.3,30.0,48.97162914276123,u_s_hihi.0,30.0,roulette wheel
377,512,16,100,100,505717.4199309999,0.3,10.0,54.45985507965088,u_s_lohi.0,0.0,roulette wheel
378,512,16,100,100,505750.085327,0.3,10.0,53.83663439750672,u_s_lohi.0,10.0,roulette wheel
379,512,16,100,100,490178.236633,0.3,10.0,55.27679419517517,u_s_lohi.0,20.0,roulette wheel
380,512,16,100,100,469208.1425539999,0.3,10.0,54.95831298828125,u_s_lohi.0,30.0,roulette wheel
381,512,16,100,100,504218.58657900005,0.3,20.0,48.67546248435974,u_s_lohi.0,0.0,roulette wheel
382,512,16,100,100,487126.558839,0.3,20.0,48.73924827575684,u_s_lohi.0,10.0,roulette wheel
383,512,16,100,100,520738.5123639999,0.3,20.0,49.061081647872925,u_s_lohi.0,20.0,roulette wheel
384,512,16,100,100,488495.8217770001,0.3,20.0,49.49307942390442,u_s_lohi.0,30.0,roulette wheel
385,512,16,100,100,530408.6921389998,0.3,30.0,47.32306146621704,u_s_lohi.0,0.0,roulette wheel
386,512,16,100,100,579587.942869,0.3,30.0,47.65370011329651,u_s_lohi.0,10.0,roulette wheel
387,512,16,100,100,638611.2004409999,0.3,30.0,48.09065580368042,u_s_lohi.0,20.0,roulette wheel
388,512,16,100,100,576014.827882,0.3,30.0,48.52413272857666,u_s_lohi.0,30.0,roulette wheel
389,512,16,100,100,7094.363645,0.3,10.0,52.62191891670227,u_s_lolo.0,0.0,roulette wheel
390,512,16,100,100,7019.592583999999,0.3,10.0,52.73369646072388,u_s_lolo.0,10.0,roulette wheel
391,512,16,100,100,7485.597058000002,0.3,10.0,53.280428647995,u_s_lolo.0,20.0,roulette wheel
392,512,16,100,100,7450.857928999999,0.3,10.0,53.71552538871765,u_s_lolo.0,30.0,roulette wheel
393,512,16,100,100,7936.397862,0.3,20.0,47.96105217933655,u_s_lolo.0,0.0,roulette wheel
394,512,16,100,100,8588.410037000001,0.3,20.0,48.33688116073608,u_s_lolo.0,10.0,roulette wheel
395,512,16,100,100,8600.203766999999,0.3,20.0,48.574320793151855,u_s_lolo.0,20.0,roulette wheel
396,512,16,100,100,8191.508958,0.3,20.0,49.00594758987427,u_s_lolo.0,30.0,roulette wheel
397,512,16,100,100,8658.706578000001,0.3,30.0,47.02036690711975,u_s_lolo.0,0.0,roulette wheel
398,512,16,100,100,10139.25958,0.3,30.0,47.26731300354004,u_s_lolo.0,10.0,roulette wheel
399,512,16,100,100,10308.300467999998,0.3,30.0,47.74896216392517,u_s_lolo.0,20.0,roulette wheel
400,512,16,100,100,9049.445843,0.3,30.0,48.08416700363159,u_s_lolo.0,30.0,roulette wheel
401,512,16,100,100,204229.806337,0.3,10.0,53.53846979141235,u_i_hilo.0,0.0,roulette wheel
402,512,16,100,100,205701.253661,0.3,10.0,53.41339421272278,u_i_hilo.0,10.0,roulette wheel
403,512,16,100,100,216007.045382,0.3,10.0,54.05723404884338,u_i_hilo.0,20.0,roulette wheel
404,512,16,100,100,212924.328062,0.3,10.0,54.652522563934326,u_i_hilo.0,30.0,roulette wheel
405,512,16,100,100,220694.251555,0.3,20.0,49.18353986740112,u_i_hilo.0,0.0,roulette wheel
406,512,16,100,100,238392.174941,0.3,20.0,49.509323835372925,u_i_hilo.0,10.0,roulette wheel
407,512,16,100,100,238401.314668,0.3,20.0,49.50201606750488,u_i_hilo.0,20.0,roulette wheel
408,512,16,100,100,234712.113588,0.3,20.0,49.739102363586426,u_i_hilo.0,30.0,roulette wheel
409,512,16,100,100,304339.2409619999,0.3,30.0,47.96033191680908,u_i_hilo.0,0.0,roulette wheel
410,512,16,100,100,292141.14026200003,0.3,30.0,47.7911639213562,u_i_hilo.0,10.0,roulette wheel
411,512,16,100,100,283236.592697,0.3,30.0,48.29321384429932,u_i_hilo.0,20.0,roulette wheel
412,512,16,100,100,287313.5185240001,0.3,30.0,48.40103769302368,u_i_hilo.0,30.0,roulette wheel
413,512,16,100,100,3110895.966309,0.3,10.0,54.136390924453735,u_i_hihi.0,0.0,roulette wheel
414,512,16,100,100,3324854.112426,0.3,10.0,53.29480695724487,u_i_hihi.0,10.0,roulette wheel
415,512,16,100,100,3399895.4589830004,0.3,10.0,53.6137764453888,u_i_hihi.0,20.0,roulette wheel
416,512,16,100,100,3300479.7248539994,0.3,10.0,54.10675978660584,u_i_hihi.0,30.0,roulette wheel
417,512,16,100,100,3130253.328004,0.3,20.0,48.14415669441223,u_i_hihi.0,0.0,roulette wheel
418,512,16,100,100,3139535.468629,0.3,20.0,48.8666729927063,u_i_hihi.0,10.0,roulette wheel
419,512,16,100,100,3226931.813966,0.3,20.0,49.21224093437195,u_i_hihi.0,20.0,roulette wheel
420,512,16,100,100,3422627.3818340003,0.3,20.0,49.33989143371582,u_i_hihi.0,30.0,roulette wheel
421,512,16,100,100,3171971.195310001,0.3,30.0,47.3272008895874,u_i_hihi.0,0.0,roulette wheel
422,512,16,100,100,3374967.5966760004,0.3,30.0,47.85928177833557,u_i_hihi.0,10.0,roulette wheel
423,512,16,100,100,3625287.3868420008,0.3,30.0,48.08057594299317,u_i_hihi.0,20.0,roulette wheel
424,512,16,100,100,3205813.8823240004,0.3,30.0,48.40936422348023,u_i_hihi.0,30.0,roulette wheel
425,512,16,100,100,537649.048688,0.3,10.0,53.15454053878784,u_i_lohi.0,0.0,roulette wheel
426,512,16,100,100,527745.503327,0.3,10.0,53.47167134284973,u_i_lohi.0,10.0,roulette wheel
427,512,16,100,100,536061.8103980001,0.3,10.0,53.97464990615845,u_i_lohi.0,20.0,roulette wheel
428,512,16,100,100,526341.1308810001,0.3,10.0,54.52912068367005,u_i_lohi.0,30.0,roulette wheel
429,512,16,100,100,602816.3322740003,0.3,20.0,48.84748697280884,u_i_lohi.0,0.0,roulette wheel
430,512,16,100,100,560097.0911859999,0.3,20.0,49.838796615600586,u_i_lohi.0,10.0,roulette wheel
431,512,16,100,100,648771.052695,0.3,20.0,50.916818141937256,u_i_lohi.0,20.0,roulette wheel
432,512,16,100,100,592696.663326,0.3,20.0,50.56155347824097,u_i_lohi.0,30.0,roulette wheel
433,512,16,100,100,597975.9782119999,0.3,30.0,49.07191038131714,u_i_lohi.0,0.0,roulette wheel
434,512,16,100,100,601056.9061420001,0.3,30.0,48.88894152641296,u_i_lohi.0,10.0,roulette wheel
435,512,16,100,100,684476.5898449998,0.3,30.0,48.91635394096375,u_i_lohi.0,20.0,roulette wheel
436,512,16,100,100,703714.941863,0.3,30.0,49.29943132400513,u_i_lohi.0,30.0,roulette wheel
437,512,16,100,100,6840.043021,0.3,10.0,54.44347882270813,u_i_lolo.0,0.0,roulette wheel
438,512,16,100,100,6822.250456,0.3,10.0,53.66928720474243,u_i_lolo.0,10.0,roulette wheel
439,512,16,100,100,6655.059822000003,0.3,10.0,54.125905990600586,u_i_lolo.0,20.0,roulette wheel
440,512,16,100,100,6709.707047999999,0.3,10.0,54.31689453125,u_i_lolo.0,30.0,roulette wheel
441,512,16,100,100,7940.008590999999,0.3,20.0,48.587268114089966,u_i_lolo.0,0.0,roulette wheel
442,512,16,100,100,7546.725115000002,0.3,20.0,48.618093967437744,u_i_lolo.0,10.0,roulette wheel
443,512,16,100,100,7846.881182,0.3,20.0,49.28504037857056,u_i_lolo.0,20.0,roulette wheel
444,512,16,100,100,7358.789455000001,0.3,20.0,49.38731527328491,u_i_lolo.0,30.0,roulette wheel
445,512,16,100,100,8548.025065,0.3,30.0,47.349236249923706,u_i_lolo.0,0.0,roulette wheel
446,512,16,100,100,8121.553022000002,0.3,30.0,47.91319036483765,u_i_lolo.0,10.0,roulette wheel
447,512,16,100,100,8978.149431999998,0.3,30.0,48.31355595588684,u_i_lolo.0,20.0,roulette wheel
448,512,16,100,100,8772.157939,0.3,30.0,48.65137267112732,u_i_lolo.0,30.0,roulette wheel
449,512,16,100,100,200317.607575,0.3,10.0,53.46308422088623,u_c_hilo.0,0.0,roulette wheel
450,512,16,100,100,204375.935059,0.3,10.0,53.12353754043579,u_c_hilo.0,10.0,roulette wheel
451,512,16,100,100,202780.65039100003,0.3,10.0,53.50530290603638,u_c_hilo.0,20.0,roulette wheel
452,512,16,100,100,211159.225235,0.3,10.0,54.02823972702026,u_c_hilo.0,30.0,roulette wheel
453,512,16,100,100,243592.496794,0.3,20.0,48.22716498374939,u_c_hilo.0,0.0,roulette wheel
454,512,16,100,100,241162.120239,0.3,20.0,48.57186794281006,u_c_hilo.0,10.0,roulette wheel
455,512,16,100,100,244089.691164,0.3,20.0,49.50110340118408,u_c_hilo.0,20.0,roulette wheel
456,512,16,100,100,246750.089539,0.3,20.0,50.37337899208069,u_c_hilo.0,30.0,roulette wheel
457,512,16,100,100,246782.201782,0.3,30.0,49.53262114524841,u_c_hilo.0,0.0,roulette wheel
458,512,16,100,100,271419.75595,0.3,30.0,48.94942283630371,u_c_hilo.0,10.0,roulette wheel
459,512,16,100,100,266234.49083,0.3,30.0,49.19012665748596,u_c_hilo.0,20.0,roulette wheel
460,512,16,100,100,251713.332459,0.3,30.0,49.35835909843445,u_c_hilo.0,30.0,roulette wheel
461,512,16,100,100,16234976.203125,0.3,10.0,54.602988481521606,u_c_hihi.0,0.0,roulette wheel
462,512,16,100,100,16326792.830567,0.3,10.0,54.06467771530152,u_c_hihi.0,10.0,roulette wheel
463,512,16,100,100,15580757.509275002,0.3,10.0,54.33348727226257,u_c_hihi.0,20.0,roulette wheel
464,512,16,100,100,17078398.332031,0.3,10.0,54.62653827667236,u_c_hihi.0,30.0,roulette wheel
465,512,16,100,100,18505293.271485,0.3,20.0,48.60301756858826,u_c_hihi.0,0.0,roulette wheel
466,512,16,100,100,19749724.960938,0.3,20.0,48.90158152580261,u_c_hihi.0,10.0,roulette wheel
467,512,16,100,100,17884945.820311,0.3,20.0,49.02794551849365,u_c_hihi.0,20.0,roulette wheel
468,512,16,100,100,18815817.535156,0.3,20.0,49.801629066467285,u_c_hihi.0,30.0,roulette wheel
469,512,16,100,100,21400353.402344,0.3,30.0,47.603230237960815,u_c_hihi.0,0.0,roulette wheel
470,512,16,100,100,22359441.683593,0.3,30.0,47.94416379928589,u_c_hihi.0,10.0,roulette wheel
471,512,16,100,100,19244397.6875,0.3,30.0,48.34747362136841,u_c_hihi.0,20.0,roulette wheel
472,512,16,100,100,20714194.683594,0.3,30.0,48.77060079574585,u_c_hihi.0,30.0,roulette wheel
473,512,16,100,100,552147.45215,0.3,10.0,53.13636302947998,u_c_lohi.0,0.0,roulette wheel
474,512,16,100,100,550231.6514920001,0.3,10.0,53.24924564361572,u_c_lohi.0,10.0,roulette wheel
475,512,16,100,100,528082.591737,0.3,10.0,53.7666449546814,u_c_lohi.0,20.0,roulette wheel
476,512,16,100,100,532671.8066400001,0.3,10.0,54.19281983375549,u_c_lohi.0,30.0,roulette wheel
477,512,16,100,100,630595.1442880001,0.3,20.0,48.291990518569946,u_c_lohi.0,0.0,roulette wheel
478,512,16,100,100,591641.7636729999,0.3,20.0,48.58013129234314,u_c_lohi.0,10.0,roulette wheel
479,512,16,100,100,564296.0817870001,0.3,20.0,48.88152194023132,u_c_lohi.0,20.0,roulette wheel
480,512,16,100,100,585508.34668,0.3,20.0,49.51089000701904,u_c_lohi.0,30.0,roulette wheel
481,512,16,100,100,670218.0403439999,0.3,30.0,48.90881657600403,u_c_lohi.0,0.0,roulette wheel
482,512,16,100,100,630225.125978,0.3,30.0,49.86209011077881,u_c_lohi.0,10.0,roulette wheel
483,512,16,100,100,598477.3453350001,0.3,30.0,49.74897289276123,u_c_lohi.0,20.0,roulette wheel
484,512,16,100,100,658071.7519490002,0.3,30.0,49.70091938972473,u_c_lohi.0,30.0,roulette wheel
485,512,16,100,100,6958.212189000001,0.3,10.0,54.70230913162232,u_c_lolo.0,0.0,roulette wheel
486,512,16,100,100,6934.012674000001,0.3,10.0,54.03565526008606,u_c_lolo.0,10.0,roulette wheel
487,512,16,100,100,7223.301592000002,0.3,10.0,54.35020446777344,u_c_lolo.0,20.0,roulette wheel
488,512,16,100,100,7082.963432,0.3,10.0,54.65033221244812,u_c_lolo.0,30.0,roulette wheel
489,512,16,100,100,8004.2606970000015,0.3,20.0,48.67166304588318,u_c_lolo.0,0.0,roulette wheel
490,512,16,100,100,8057.859071999999,0.3,20.0,48.99907422065735,u_c_lolo.0,10.0,roulette wheel
491,512,16,100,100,8305.697103000002,0.3,20.0,49.2355432510376,u_c_lolo.0,20.0,roulette wheel
492,512,16,100,100,8600.624177,0.3,20.0,49.67843508720398,u_c_lolo.0,30.0,roulette wheel
493,512,16,100,100,8631.307236999999,0.3,30.0,47.38673496246338,u_c_lolo.0,0.0,roulette wheel
494,512,16,100,100,8563.201937000002,0.3,30.0,47.77873706817627,u_c_lolo.0,10.0,roulette wheel
495,512,16,100,100,9137.784768999998,0.3,30.0,48.45734524726868,u_c_lolo.0,20.0,roulette wheel
496,512,16,100,100,8537.804087,0.3,30.0,48.43406677246094,u_c_lolo.0,30.0,roulette wheel
497,512,16,100,100,226615.094511,0.5,10.0,62.31149363517761,u_s_hilo.0,0.0,roulette wheel
498,512,16,100,100,219134.495668,0.5,10.0,62.92932724952698,u_s_hilo.0,10.0,roulette wheel
499,512,16,100,100,215608.971405,0.5,10.0,63.16902756690979,u_s_hilo.0,20.0,roulette wheel
500,512,16,100,100,228150.5111230001,0.5,10.0,64.4985556602478,u_s_hilo.0,30.0,roulette wheel
501,512,16,100,100,235403.325289,0.5,20.0,62.6098690032959,u_s_hilo.0,0.0,roulette wheel
502,512,16,100,100,242231.61218000003,0.5,20.0,60.57354497909546,u_s_hilo.0,10.0,roulette wheel
503,512,16,100,100,242715.486328,0.5,20.0,59.69632959365845,u_s_hilo.0,20.0,roulette wheel
504,512,16,100,100,260757.596344,0.5,20.0,59.205580711364746,u_s_hilo.0,30.0,roulette wheel
505,512,16,100,100,284794.042315,0.5,30.0,63.367512702941895,u_s_hilo.0,0.0,roulette wheel
506,512,16,100,100,265166.91595600004,0.5,30.0,63.14697313308716,u_s_hilo.0,10.0,roulette wheel
507,512,16,100,100,266846.932252,0.5,30.0,62.87021231651306,u_s_hilo.0,20.0,roulette wheel
508,512,16,100,100,264288.398991,0.5,30.0,62.5227358341217,u_s_hilo.0,30.0,roulette wheel
509,512,16,100,100,16662087.020996,0.5,10.0,61.79182457923889,u_s_hihi.0,0.0,roulette wheel
510,512,16,100,100,16473888.675781,0.5,10.0,63.01328444480896,u_s_hihi.0,10.0,roulette wheel
511,512,16,100,100,16742021.730468003,0.5,10.0,69.23281168937683,u_s_hihi.0,20.0,roulette wheel
512,512,16,100,100,17157318.136718,0.5,10.0,67.0125081539154,u_s_hihi.0,30.0,roulette wheel
513,512,16,100,100,17097950.309571996,0.5,20.0,58.939969062805176,u_s_hihi.0,0.0,roulette wheel
514,512,16,100,100,17837355.793211002,0.5,20.0,58.040627002716064,u_s_hihi.0,10.0,roulette wheel
515,512,16,100,100,18648179.714843,0.5,20.0,58.10027241706848,u_s_hihi.0,20.0,roulette wheel
516,512,16,100,100,18217214.757139,0.5,20.0,58.18143486976624,u_s_hihi.0,30.0,roulette wheel
517,512,16,100,100,20207278.678223003,0.5,30.0,62.47392749786377,u_s_hihi.0,0.0,roulette wheel
518,512,16,100,100,20526756.492188,0.5,30.0,61.371599435806274,u_s_hihi.0,10.0,roulette wheel
519,512,16,100,100,20360786.408204,0.5,30.0,61.67904186248779,u_s_hihi.0,20.0,roulette wheel
520,512,16,100,100,19892757.268556,0.5,30.0,63.534977197647095,u_s_hihi.0,30.0,roulette wheel
521,512,16,100,100,489205.54076800006,0.5,10.0,66.46544098854065,u_s_lohi.0,0.0,roulette wheel
522,512,16,100,100,490884.454008,0.5,10.0,66.35170698165894,u_s_lohi.0,10.0,roulette wheel
523,512,16,100,100,558069.829834,0.5,10.0,65.20396113395691,u_s_lohi.0,20.0,roulette wheel
524,512,16,100,100,500677.178542,0.5,10.0,65.28451943397522,u_s_lohi.0,30.0,roulette wheel
525,512,16,100,100,547821.121644,0.5,20.0,57.81883239746094,u_s_lohi.0,0.0,roulette wheel
526,512,16,100,100,574557.0286410003,0.5,20.0,58.341859579086304,u_s_lohi.0,10.0,roulette wheel
527,512,16,100,100,560604.744651,0.5,20.0,58.81239938735962,u_s_lohi.0,20.0,roulette wheel
528,512,16,100,100,539643.901927,0.5,20.0,57.81594038009644,u_s_lohi.0,30.0,roulette wheel
529,512,16,100,100,635657.8775629998,0.5,30.0,61.04945874214173,u_s_lohi.0,0.0,roulette wheel
530,512,16,100,100,647815.2141120001,0.5,30.0,62.332022190094,u_s_lohi.0,10.0,roulette wheel
531,512,16,100,100,639252.1134040001,0.5,30.0,66.33875823020935,u_s_lohi.0,20.0,roulette wheel
532,512,16,100,100,662414.411986,0.5,30.0,67.14533925056458,u_s_lohi.0,30.0,roulette wheel
533,512,16,100,100,7752.983798999998,0.5,10.0,63.64479732513428,u_s_lolo.0,0.0,roulette wheel
534,512,16,100,100,8366.926200000002,0.5,10.0,64.1423933506012,u_s_lolo.0,10.0,roulette wheel
535,512,16,100,100,8055.695756999999,0.5,10.0,82.22478723526001,u_s_lolo.0,20.0,roulette wheel
536,512,16,100,100,8283.276908,0.5,10.0,75.1770486831665,u_s_lolo.0,30.0,roulette wheel
537,512,16,100,100,9142.862638000002,0.5,20.0,62.77360486984253,u_s_lolo.0,0.0,roulette wheel
538,512,16,100,100,8984.663052,0.5,20.0,64.76895761489868,u_s_lolo.0,10.0,roulette wheel
539,512,16,100,100,9406.898528000003,0.5,20.0,59.31296920776367,u_s_lolo.0,20.0,roulette wheel
540,512,16,100,100,8925.121918,0.5,20.0,58.28100371360779,u_s_lolo.0,30.0,roulette wheel
541,512,16,100,100,10159.000956999998,0.5,30.0,66.27000617980957,u_s_lolo.0,0.0,roulette wheel
542,512,16,100,100,9503.150615,0.5,30.0,70.8106758594513,u_s_lolo.0,10.0,roulette wheel
543,512,16,100,100,9892.842197,0.5,30.0,67.10395765304565,u_s_lolo.0,20.0,roulette wheel
544,512,16,100,100,9324.103998,0.5,30.0,64.47474598884583,u_s_lolo.0,30.0,roulette wheel
545,512,16,100,100,224256.182373,0.5,10.0,62.68109178543091,u_i_hilo.0,0.0,roulette wheel
546,512,16,100,100,229330.15947,0.5,10.0,63.32765913009644,u_i_hilo.0,10.0,roulette wheel
547,512,16,100,100,233950.39295100005,0.5,10.0,63.88383364677429,u_i_hilo.0,20.0,roulette wheel
548,512,16,100,100,232347.884189,0.5,10.0,63.52808427810669,u_i_hilo.0,30.0,roulette wheel
549,512,16,100,100,245800.095826,0.5,20.0,57.0982551574707,u_i_hilo.0,0.0,roulette wheel
550,512,16,100,100,259981.368467,0.5,20.0,57.31533598899841,u_i_hilo.0,10.0,roulette wheel
551,512,16,100,100,255481.468047,0.5,20.0,58.87395119667053,u_i_hilo.0,20.0,roulette wheel
552,512,16,100,100,247626.25512900003,0.5,20.0,60.71461296081543,u_i_hilo.0,30.0,roulette wheel
553,512,16,100,100,296155.647003,0.5,30.0,66.15603876113892,u_i_hilo.0,0.0,roulette wheel
554,512,16,100,100,269134.684999,0.5,30.0,64.40523266792297,u_i_hilo.0,10.0,roulette wheel
555,512,16,100,100,277610.0907,0.5,30.0,64.15087914466858,u_i_hilo.0,20.0,roulette wheel
556,512,16,100,100,289927.7591030001,0.5,30.0,63.84377384185791,u_i_hilo.0,30.0,roulette wheel
557,512,16,100,100,3113355.771241,0.5,10.0,62.65815711021423,u_i_hihi.0,0.0,roulette wheel
558,512,16,100,100,3309011.480102001,0.5,10.0,62.59135460853577,u_i_hihi.0,10.0,roulette wheel
559,512,16,100,100,3212634.213135999,0.5,10.0,63.4421923160553,u_i_hihi.0,20.0,roulette wheel
560,512,16,100,100,3498298.7630930003,0.5,10.0,63.70263814926148,u_i_hihi.0,30.0,roulette wheel
561,512,16,100,100,3354669.253661,0.5,20.0,58.36165070533752,u_i_hihi.0,0.0,roulette wheel
562,512,16,100,100,3227973.507994,0.5,20.0,62.469465017318726,u_i_hihi.0,10.0,roulette wheel
563,512,16,100,100,3382885.472411,0.5,20.0,66.0437536239624,u_i_hihi.0,20.0,roulette wheel
564,512,16,100,100,3334974.114746,0.5,20.0,63.31142520904541,u_i_hihi.0,30.0,roulette wheel
565,512,16,100,100,3372443.798828,0.5,30.0,66.23499417304993,u_i_hihi.0,0.0,roulette wheel
566,512,16,100,100,3690178.798981,0.5,30.0,66.11392998695374,u_i_hihi.0,10.0,roulette wheel
567,512,16,100,100,3630094.892577,0.5,30.0,65.57640409469604,u_i_hihi.0,20.0,roulette wheel
568,512,16,100,100,3633377.544433,0.5,30.0,65.66712880134583,u_i_hihi.0,30.0,roulette wheel
569,512,16,100,100,525870.1608719999,0.5,10.0,65.67036485671997,u_i_lohi.0,0.0,roulette wheel
570,512,16,100,100,521259.542055,0.5,10.0,66.1855821609497,u_i_lohi.0,10.0,roulette wheel
571,512,16,100,100,576423.1467280001,0.5,10.0,66.79185247421265,u_i_lohi.0,20.0,roulette wheel
572,512,16,100,100,557421.5575710001,0.5,10.0,70.81039357185364,u_i_lohi.0,30.0,roulette wheel
573,512,16,100,100,604577.226473,0.5,20.0,64.6465539932251,u_i_lohi.0,0.0,roulette wheel
574,512,16,100,100,705127.288146,0.5,20.0,63.01212191581726,u_i_lohi.0,10.0,roulette wheel
575,512,16,100,100,630445.5677349999,0.5,20.0,61.67913007736206,u_i_lohi.0,20.0,roulette wheel
576,512,16,100,100,606283.670322,0.5,20.0,62.05355167388916,u_i_lohi.0,30.0,roulette wheel
577,512,16,100,100,770861.383941,0.5,30.0,63.43428802490234,u_i_lohi.0,0.0,roulette wheel
578,512,16,100,100,718793.9472209999,0.5,30.0,62.96122741699219,u_i_lohi.0,10.0,roulette wheel
579,512,16,100,100,709079.0921450001,0.5,30.0,62.962990283966064,u_i_lohi.0,20.0,roulette wheel
580,512,16,100,100,723645.046386,0.5,30.0,62.584033727645874,u_i_lohi.0,30.0,roulette wheel
581,512,16,100,100,7909.1330480000015,0.5,10.0,61.86799931526184,u_i_lolo.0,0.0,roulette wheel
582,512,16,100,100,7320.696419000002,0.5,10.0,65.5404999256134,u_i_lolo.0,10.0,roulette wheel
583,512,16,100,100,7993.555117999999,0.5,10.0,66.46132278442383,u_i_lolo.0,20.0,roulette wheel
584,512,16,100,100,7366.99743,0.5,10.0,66.09464383125305,u_i_lolo.0,30.0,roulette wheel
585,512,16,100,100,8268.427625999999,0.5,20.0,58.78277206420898,u_i_lolo.0,0.0,roulette wheel
586,512,16,100,100,8728.730605999997,0.5,20.0,58.58503222465515,u_i_lolo.0,10.0,roulette wheel
587,512,16,100,100,8645.428755999998,0.5,20.0,58.07300758361816,u_i_lolo.0,20.0,roulette wheel
588,512,16,100,100,8623.198774999997,0.5,20.0,59.16323900222778,u_i_lolo.0,30.0,roulette wheel
589,512,16,100,100,9477.843530000004,0.5,30.0,63.88559579849243,u_i_lolo.0,0.0,roulette wheel
590,512,16,100,100,9841.137053,0.5,30.0,64.93473315238953,u_i_lolo.0,10.0,roulette wheel
591,512,16,100,100,9944.554648,0.5,30.0,65.53164625167847,u_i_lolo.0,20.0,roulette wheel
592,512,16,100,100,10363.627374,0.5,30.0,67.55752563476562,u_i_lolo.0,30.0,roulette wheel
593,512,16,100,100,225834.644409,0.5,10.0,69.01692700386047,u_c_hilo.0,0.0,roulette wheel
594,512,16,100,100,228720.23053000003,0.5,10.0,70.23026537895203,u_c_hilo.0,10.0,roulette wheel
595,512,16,100,100,242602.34448100004,0.5,10.0,67.96753311157227,u_c_hilo.0,20.0,roulette wheel
596,512,16,100,100,242041.935411,0.5,10.0,68.2417209148407,u_c_hilo.0,30.0,roulette wheel
597,512,16,100,100,265361.240508,0.5,20.0,60.93398022651672,u_c_hilo.0,0.0,roulette wheel
598,512,16,100,100,251096.5908190001,0.5,20.0,61.7430055141449,u_c_hilo.0,10.0,roulette wheel
599,512,16,100,100,264672.68579,0.5,20.0,60.63183116912842,u_c_hilo.0,20.0,roulette wheel
600,512,16,100,100,251084.5804139999,0.5,20.0,60.901870012283325,u_c_hilo.0,30.0,roulette wheel
601,512,16,100,100,261430.61926300003,0.5,30.0,64.57651495933533,u_c_hilo.0,0.0,roulette wheel
602,512,16,100,100,264725.251742,0.5,30.0,65.84276127815247,u_c_hilo.0,10.0,roulette wheel
603,512,16,100,100,281573.115599,0.5,30.0,66.65403747558594,u_c_hilo.0,20.0,roulette wheel
604,512,16,100,100,265488.24243000004,0.5,30.0,67.07287096977234,u_c_hilo.0,30.0,roulette wheel
605,512,16,100,100,17493188.730469,0.5,10.0,67.73083353042603,u_c_hihi.0,0.0,roulette wheel
606,512,16,100,100,17737683.433106,0.5,10.0,67.43290781974792,u_c_hihi.0,10.0,roulette wheel
607,512,16,100,100,18052707.608886,0.5,10.0,67.49319410324097,u_c_hihi.0,20.0,roulette wheel
608,512,16,100,100,19534992.71875,0.5,10.0,68.31931328773499,u_c_hihi.0,30.0,roulette wheel
609,512,16,100,100,19574413.304687,0.5,20.0,61.01322412490845,u_c_hihi.0,0.0,roulette wheel
610,512,16,100,100,20101531.321289,0.5,20.0,60.86502814292908,u_c_hihi.0,10.0,roulette wheel
611,512,16,100,100,20170775.182862,0.5,20.0,60.80425763130188,u_c_hihi.0,20.0,roulette wheel
612,512,16,100,100,18801078.835937,0.5,20.0,61.12947344779968,u_c_hihi.0,30.0,roulette wheel
613,512,16,100,100,20591324.445801,0.5,30.0,66.23848700523376,u_c_hihi.0,0.0,roulette wheel
614,512,16,100,100,22365023.484374,0.5,30.0,66.73792314529419,u_c_hihi.0,10.0,roulette wheel
615,512,16,100,100,21712473.060547,0.5,30.0,67.55626678466797,u_c_hihi.0,20.0,roulette wheel
616,512,16,100,100,22600739.96875,0.5,30.0,67.1494734287262,u_c_hihi.0,30.0,roulette wheel
617,512,16,100,100,573952.4846170001,0.5,10.0,66.93516254425049,u_c_lohi.0,0.0,roulette wheel
618,512,16,100,100,586005.5010960002,0.5,10.0,67.0381190776825,u_c_lohi.0,10.0,roulette wheel
619,512,16,100,100,603935.553224,0.5,10.0,66.55906414985657,u_c_lohi.0,20.0,roulette wheel
620,512,16,100,100,602650.2298270001,0.5,10.0,67.08855175971985,u_c_lohi.0,30.0,roulette wheel
621,512,16,100,100,631181.522338,0.5,20.0,59.53468823432922,u_c_lohi.0,0.0,roulette wheel
622,512,16,100,100,593686.3962389999,0.5,20.0,59.6416928768158,u_c_lohi.0,10.0,roulette wheel
623,512,16,100,100,605435.401855,0.5,20.0,62.13090705871582,u_c_lohi.0,20.0,roulette wheel
624,512,16,100,100,654378.9827890001,0.5,20.0,64.00053024291992,u_c_lohi.0,30.0,roulette wheel
625,512,16,100,100,666069.942871,0.5,30.0,65.6497015953064,u_c_lohi.0,0.0,roulette wheel
626,512,16,100,100,639594.243532,0.5,30.0,66.80224800109863,u_c_lohi.0,10.0,roulette wheel
627,512,16,100,100,773128.9497059998,0.5,30.0,66.83683156967163,u_c_lohi.0,20.0,roulette wheel
628,512,16,100,100,698182.7114249999,0.5,30.0,67.11993551254272,u_c_lohi.0,30.0,roulette wheel
629,512,16,100,100,7461.003582000001,0.5,10.0,66.21530508995056,u_c_lolo.0,0.0,roulette wheel
630,512,16,100,100,7967.232466999999,0.5,10.0,66.28022527694702,u_c_lolo.0,10.0,roulette wheel
631,512,16,100,100,7894.571519,0.5,10.0,66.55306506156921,u_c_lolo.0,20.0,roulette wheel
632,512,16,100,100,8271.599625,0.5,10.0,66.4520366191864,u_c_lolo.0,30.0,roulette wheel
633,512,16,100,100,8447.088987000001,0.5,20.0,61.44271469116211,u_c_lolo.0,0.0,roulette wheel
634,512,16,100,100,8765.181858,0.5,20.0,63.69869256019592,u_c_lolo.0,10.0,roulette wheel
635,512,16,100,100,8724.119383000003,0.5,20.0,62.15178990364075,u_c_lolo.0,20.0,roulette wheel
636,512,16,100,100,8401.937912000001,0.5,20.0,60.04482746124268,u_c_lolo.0,30.0,roulette wheel
637,512,16,100,100,9652.132234000002,0.5,30.0,64.65452790260315,u_c_lolo.0,0.0,roulette wheel
638,512,16,100,100,9091.642439000005,0.5,30.0,63.99394655227661,u_c_lolo.0,10.0,roulette wheel
639,512,16,100,100,9370.36875,0.5,30.0,63.62709474563599,u_c_lolo.0,20.0,roulette wheel
640,512,16,100,100,9451.586104,0.5,30.0,63.29167914390564,u_c_lolo.0,30.0,roulette wheel
